Link,Title,Main_Thumbnail,Intro_Summary,Content_Steps
https://www.10000recipe.com/recipe/7024170,슈퍼푸드 아보카도 손질과 보관,https://recipe1.ezmember.co.kr/cache/recipe/2024/04/11/6501d56c96a6141f00578f19b4ca3c1c1.jpg,슈퍼 푸드로 알려져 있는 아보카도 ! 맛도 좋고 건강에도 좋은 아보카도 간단하게 소개할게요.,"[1] 남미에서 재배 멕시코에서 70% 재배되고 아보카도는 눈 건강, 항암 효과, 뼈 건강, 비타민 등 다양한 효능이 있어요. 손으로 눌렀을 때 말랑하고 색깔이 진한 갈색인 걸 선택 원형 보다는 길쭉한 타원형의 아보카도를 고르는 것이 씨의 함량이 적어요. 상처가 많은 아보카도는 신선도가 낮아요. || https://recipe1.ezmember.co.kr/cache/recipe/2024/04/11/3056e9f084056e0282f7e433df3632841.jpg
[2] [손질법 1] 아보카도를 도마에 올려 돌려가며 칼집을 내요. 손으로 돌려 분리하고 씨가 있는 아보카도를 살짝 벌려주면 씨가 빠져요.도마,칼 || https://recipe1.ezmember.co.kr/cache/recipe/2024/04/11/0a5a7547527adfb59d7304656a03327d1.jpg
[3] [손질법 2]아보카도를 도마에 올려 돌려가며 칼집을 내요. 반대로 돌려 한번 더 칼집을 낸 후 씨와 과육을 분리해요. || https://recipe1.ezmember.co.kr/cache/recipe/2024/04/11/f7ba59154c65478a6bf1276e04a337cb1.jpg
[4] [껍질 제거하기 ] 껍질은 숟가락을 이용해 분리 가능하고 잘 후숙 된 아보카도는 손으로 벗겨도 깨끗하게 제거할 수 있어요.숟가락 || https://recipe1.ezmember.co.kr/cache/recipe/2024/04/11/f1ccd643af336d396c2cd19d2294aaa01.jpg
[5] [보관법] 빨리 후숙 해야 할 때는 종이 봉투에 넣어 사과나 바나나를 함께 넣어두면 더 빨리 후숙 가능해요. || https://recipe1.ezmember.co.kr/cache/recipe/2024/04/11/0ca0b9145846d2e6be8d1bc1136525ff1.jpg
[6] 껍질 제거한 아보카도는 바로 조리하고 먹기 좋게 잘라 밀폐용기에 담아 바로 냉동 보관 해 주세요.밀폐용기 || https://recipe1.ezmember.co.kr/cache/recipe/2024/04/11/546085dfeab7d2fb3816eb1aefb2ac491.jpg
[7] 반만 먹을 경우 씨를 빼지 않고 올리브유를 발라 냉장보관 또는 레몬을 올려 냉장보관해요. 잘라 놓은 것은 가급적 빨리 섭취해 주세요. || https://recipe1.ezmember.co.kr/cache/recipe/2024/04/11/7d6f446cebce21b7027bb1cb5712aa951.jpg
[8] 조금이라도 후숙 타이밍을 놓치면 상한 아보카도를 맛보게 되요. 때문에 가능한 아보카도는 조금씩 구매하여 바로 먹는 것이 제일 맛있어요.!! || https://recipe1.ezmember.co.kr/cache/recipe/2024/04/11/3047fce1c011e23905721d234b1eaa2e1.jpg"
https://www.10000recipe.com/recipe/7023971,브로콜리 손질법/보관법/조리법,https://recipe1.ezmember.co.kr/cache/recipe/2024/04/09/4221d1eb3043aa7263ffea8857ed72f61.jpg,"브로콜리는 강력한 항암성분인 설포라판이 함유되어있고 해독, 염증, 피부, 눈건강, 관절염, 불면증 등 다방면으로 몸에 좋은 식품이에요.","[1] 고르는법 - 둥굴고 진한 녹색이 좋은 브로콜리이고 노래지고 봉우리가 펴 있다면 영양소가 줄어들었다는 거예요. || https://recipe1.ezmember.co.kr/cache/recipe/2024/04/09/13edbad8e7575312c7f5cd537494861b1.jpg
[2] 세척법 - 유충 이물질 잔여농약 제거해야 해요. 식초 1숟가락 넣어 10~15분간 담가주세요. 집게 또는 그릇을 이용해 눌러주세요.볼,요리집게거꾸로 담가주는게 포인트! || https://recipe1.ezmember.co.kr/cache/recipe/2024/04/09/07e2afa21df27115065f771f911f97c31.jpg
[3] 손질법 - 봉오리를 하나씩 자르고 밑둥은 비타민C가 많아 먹기 좋게 잘라 손질해요.도마,조리용나이프 || https://recipe1.ezmember.co.kr/cache/recipe/2024/04/09/f9f8ddaeec7837ca1dc507f2fed86eff1.jpg
[4] 밀가루를 넣어 다시 한번 세척해요. 2~3번 깨끗한 물에 헹궈요.이 과정은 생략 가능해요. || https://recipe1.ezmember.co.kr/cache/recipe/2024/04/09/db57c3f15d87058fc2952e71ef7974f51.jpg
[5] 보관법 - 밀폐용기에 키친타올을 깔고 담아 냉장 보관 해주세요.(약 2주가량 가능해요.)채반,키친타올,밀폐용기채반을 이용해 물기를 빼주세요. || https://recipe1.ezmember.co.kr/cache/recipe/2024/04/09/da750baedc6cbd341bf248529b52c4b91.jpg
[6] 또는 밀폐용기에 소분하여 냉동 보관 (약 1달 보관 가능해요) || https://recipe1.ezmember.co.kr/cache/recipe/2024/04/09/24abd76fb3bf03924a85644211cb431f1.jpg
[7] 조리법 - 끓는 물에 데치지 말고 쪄서 먹는게 좋아요. 끓어오른 찜기에 약 3분 쩌요. 찜기가 없다면 10~20초 이내에 데쳐 주세요. 기름과 함께 볶으면 지용성 비타민A의 흡수율이 높아져 볶아 먹는 것도 좋아요. 전자레인지가 영양소 손실이 제일 많다고 해요.냄비 || https://recipe1.ezmember.co.kr/cache/recipe/2024/04/09/4863859821b575760bf55a238fa4afcb1.jpg
[8] 브로콜리 ~ 여러분은 초장? 마요네즈? 어떤 것을 찍어 드세요??? 고추냉이에(겨자과 소스) 찍어 드시면 브로콜리의 효능이 UP (마요네즈 또는 간장에 고추냉이를 곁들여 보세요.~!)종지홀그레인머스터드 같은 겨자과 소스도 좋아요.^^ || https://recipe1.ezmember.co.kr/cache/recipe/2024/04/09/a5764158dcfd134a8f7c4c851df31e641.jpg"
https://www.10000recipe.com/recipe/6997356,라면 맛있게 끓이기 2탄,https://recipe1.ezmember.co.kr/cache/recipe/2023/02/20/f1e816bc002be0717494216a9966171b1.jpg,라면 맛있게 만들기 제 2탄!이번엔 여러분이 추천해주신 레시피로!어떤 재료를 추천해주셨을까?,"[1] 라면 + 설탕스프와 함께 설탕 반스푼 넣어주면 분식집 맛 그대로!! || https://recipe1.ezmember.co.kr/cache/recipe/2023/02/20/adeb35401851b82ea37addc26d9733ca1.jpg
[2] 라면 + 케찹완성 직전 케찹 반스푼 넣어주면 국물맛이 더 깊어져요 !너무 많이 넣으면 신맛이 날 수도 있으니 주의 ! || https://recipe1.ezmember.co.kr/cache/recipe/2023/02/20/2c8a35cd9fc37ae9125eadc9ecc8b41c1.jpg
[3] 라면 + 액젓완성 직전 액젓 1수푼 넣어주면 감칠맛 폭발 ! || https://recipe1.ezmember.co.kr/cache/recipe/2023/02/20/bbce18bed96ad2ee8e12975c66d298651.jpg
[4] 라면 + 김완성된 라면에 김을 뿌셔서 넣으면 고소함 UP ! || https://recipe1.ezmember.co.kr/cache/recipe/2023/02/20/c79cf622c68217641a246505c8c761e61.jpg"
https://www.10000recipe.com/recipe/6996955,라면 맛있게 끓이기 1탄,https://recipe1.ezmember.co.kr/cache/recipe/2023/02/13/f2fbe3a63f0cc6dafd04627891d731d31.jpg,XX을 넣으면 라면이 맛있어진다?일단 보고 따라해보세요!후회안하실걸요?,"[1] 라면 + 식초라면이 다 끓었을 때쯤 식초 1~2숟가락을 넣어요.식초를 넣으면 기름진 맛이 줄어들고 본래의 재료 맛이 살아나요.한 스푼 추가시 : - 느끼함두 스푼 추가시 : + 시원함을 얻는 매직조금씩 넣어 개인의 취향에 따라 가감해 주세요. || https://recipe1.ezmember.co.kr/cache/recipe/2023/02/13/703ae8fcf1b9a879ac9cd73123583e801.jpg
[2] 라면 + 된장끓는 라면에 된장 1숟가락을 넣어요.풍미가 확 살아나 일본식 라면 맛을 느낄 수 있어요.물을 조금 더 추가하거나 라면스프를 조금 줄여서 넣어 끓여주세요. || https://recipe1.ezmember.co.kr/cache/recipe/2023/02/13/799eed99d4f3439bc9b1df59d8a8f4921.jpg
[3] 라면 + 녹차물을 끓일 때 녹차팩을 넣어 녹차물을 만들어요.느끼함이 줄어들고 담백한 맛이 살아나요.녹차 티백 뿐 아니라 녹차가루를 약간 넣어도 좋아요. || https://recipe1.ezmember.co.kr/cache/recipe/2023/02/13/838cbe35b56d4e4ebd6ac56b8ea99cef1.jpg"
https://www.10000recipe.com/recipe/6996797,양파 보관법,https://recipe1.ezmember.co.kr/cache/recipe/2023/02/10/fc4c9dae26620330caf9d4e21ca151e91.jpg,여기도 쓰고 저기도 쓰는 양파어떻게 보관하는게 좋을까?잘못보관하면 금방 썩어버려 아까웠던 양파만개가 알려드리는 보관법으로 오~래 보관하세요!,"[1] 뿌리쪽을 잘라내지 않고 껍질을 벗겨요. || https://recipe1.ezmember.co.kr/cache/recipe/2023/02/10/7b058a9513bf47532cbdeb9a66bbe11d1.jpg
[2] 밑동과 뿌리를 바짝 잘라내면 진액이 나와 더 쉽게 물러요. || https://recipe1.ezmember.co.kr/cache/recipe/2023/02/10/482247ab11f70299877462535d9138361.jpg
[3] 세척하지 않은 양파를 키친타올로 감싸요. || https://recipe1.ezmember.co.kr/cache/recipe/2023/02/10/3ae0fb347986166a33032b8b6fecd6311.jpg
[4] 물이 닿으면 빨리 무르니 사용 직전에 세척해요. || https://recipe1.ezmember.co.kr/cache/recipe/2023/02/10/f6556390d193386c7ffd6fca1d6a2aed1.jpg
[5] 키친타올로 감싼 양파를 랩으로 꽁꽁 감싸요. || https://recipe1.ezmember.co.kr/cache/recipe/2023/02/10/75b9231ba27e7aaebfc7b411e9fc47bf1.jpg
[6] 공기가 통하지 않게 지퍼백에 넣어 냉장 보관해요.최대 3주까지 보관 가능 || https://recipe1.ezmember.co.kr/cache/recipe/2023/02/10/ac5d9d1695471461328408437e2e18151.jpg
[7] 다른 한 가지는 키친타올에 감싼 양파를 비닐에 하니씩 넣어 묶어 밀봉해요.가지 손질법 레시피 || https://recipe1.ezmember.co.kr/cache/recipe/2023/02/10/fe51235eb358a1c04fae73919840f9431.jpg"
https://www.10000recipe.com/recipe/6996785,동그랑땡 쉽게 만들기,https://recipe1.ezmember.co.kr/cache/recipe/2023/02/10/231b5c9847f7456486722f58fb76cde11.jpg,명절마다 먹는 동그랑땡누구나 좋아해 많은 사랑을 받는 요리인데요.평소에도 먹으면 좋자나요.~뭉치고 하나씩 구우려면 힘든 동그랑땡쉽게 만드는 방법을 알려드려요!,"[1] 모든 재료를 볼에 넣고 섞어 반죽을 만들어요.(채소는 다지고 두부는 물기를 제거해 주세요.) || https://recipe1.ezmember.co.kr/cache/recipe/2023/02/10/d224df6d2f3815c321340ef63b9750751.jpg
[2] 종이호일에 반죽을 적당히 올려요. || https://recipe1.ezmember.co.kr/cache/recipe/2023/02/10/2939c8ef05bd2a2e6143316b7abc80ef1.jpg
[3] 잘 정리하여 김밥 처럼 동그랗게 말아요. || https://recipe1.ezmember.co.kr/cache/recipe/2023/02/10/43e1204e5490197f6822f0d6a305dd9e1.jpg
[4] 냉동실에 3~4시간 얼려요. || https://recipe1.ezmember.co.kr/cache/recipe/2023/02/10/f123c4ed290d484e97cc269eb10507d01.jpg
[5] 냉동실에서 꺼내 적당히 굳은 반죽을 칼로 일정하게 썰어요. || https://recipe1.ezmember.co.kr/cache/recipe/2023/02/10/8a434211bd9ad4dfad7365f84a1e053f1.jpg
[6] 종이컵을 뒤집어 비닐을 씌워요. || https://recipe1.ezmember.co.kr/cache/recipe/2023/02/10/0ea1150763f8cc50741a03a6067f40c41.jpg
[7] 반죽을 올려 손으로 모양을 잡아요. || https://recipe1.ezmember.co.kr/cache/recipe/2023/02/10/516599806c67cffa305480891224d9a81.jpg
[8] 밀가루 또는 부침가루를 입히고 달걀물을 입혀 팬에 노릇하게 부쳐 완성해요. || https://recipe1.ezmember.co.kr/cache/recipe/2023/02/10/876b0ee5ff33879445130f69d14ac8021.jpg"
https://www.10000recipe.com/recipe/6996207,물에 씻으면 오히려 안좋은 재료들,https://recipe1.ezmember.co.kr/cache/recipe/2023/01/31/008474a44cc01ecf8bf1b147b2595acd1.jpg,"씻으면 안되는 재료가 있다는 것 여러분은 알고 계셨나요? 우리가 자주 먹는 재료 중에는 씻지 말아야할 재료가 있습니다. 버섯, 육류, 파스타 등이 그것들인데요. 이 재료를 왜 씻으면 안되는지 알려드릴게요!","[1] 요리 재료를 구입했다면 깨끗하게 세척하는 것이 필수 과정입니다. 하지만 물에 씻으면 오히려 좋지 않은 재료들이 있다는 사실 알고 계셨나요? || https://recipe1.ezmember.co.kr/cache/recipe/2023/01/31/ca2c4ffa429d751d67c069873ad1fffc1.jpg
[2] 버섯 류 - 버섯이 물을 잘 흡수하기 때문에 특유의 식감과 향을 잃어버릴 수 있기 때문입니다.이물질이 묻어있는 부분만 젖은 천으로 살살 닦아주는 것이 가장 좋아요. || https://recipe1.ezmember.co.kr/cache/recipe/2023/01/31/fc631901affc2a7e13e0bfdff24bb2461.jpg
[3] 달걀 - 달걀을 물에 씻으면 보호막 역할을 해주는 큐티클이 제거될 수 있어 세균 물질이 내부로 흡수될 수 있어요.마른행주나 키친타월로 가볍게 닦아주는 것이 좋고 이물질이 눈에 띄게 묻어있는 경우에는 먹기 바로 직전 씻어주는 것이 좋아요. || https://recipe1.ezmember.co.kr/cache/recipe/2023/01/31/a70bd45aa43b76217516e20c40f6cb8f1.jpg
[4] 생닭 - 생닭을 흐르는 물에 세척시 생닭에 존재하는 균이 주변 조리도구나 음식물에 들어가 식중독을 유발할 수 있습니다.붉은 육류 역시 마찬가지 입니다. || https://recipe1.ezmember.co.kr/cache/recipe/2023/01/31/f6728b098e9ac0cd11388496cfbb68791.jpg
[5] 세척을 꼭 해야한다면 사용한 조리도구, 사용한 싱크대, 사용한 나의 손까지 깨끗하게 소독해 세균 오염을 방지하는 것이 좋아요. || https://recipe1.ezmember.co.kr/cache/recipe/2023/01/31/a0e9d446c390f8671478c97beb31f39b1.jpg
[6] 파스타 - 파스타에 있는 녹말 성분이 소스가 잘 흡수될 수 있도록 도와주는데 물로 씻게되면 맛과 질감이 떨어져 맛있는 파스타를 먹을 수 없게 됩니다.삶은 직 후 오일을 한 숟가락 정도 버무려 두시는걸 추천합니다. || https://recipe1.ezmember.co.kr/cache/recipe/2023/01/31/6eabca10ee622ee90a08d4316d0cd27c1.jpg"
https://www.10000recipe.com/recipe/6996166,베이킹소다 활용법,https://recipe1.ezmember.co.kr/cache/recipe/2023/01/30/e15e12ca286aa79dbe8c12887da03b5b1.jpg,베이킹소다 어떻게 활용하면 좋을까~? 만개가 베이킹소다 활용법 알려드려요! 지금 따라해 보세요!,"[1] 첫째 ~ 베이킹 소다는 스텐 조리도구 세척에 좋아요. || https://recipe1.ezmember.co.kr/cache/recipe/2023/01/30/953030513efdc1bc75ee0000f659c0411.jpg
[2] 물에 베이킹 소다를 넉넉히 넣고 끓여요. || https://recipe1.ezmember.co.kr/cache/recipe/2023/01/30/a591856fecd23c40637076a3a15828a41.jpg
[3] 때가 끼거나 기름기가 낀 스테인리스 조리도구를 넣고 삶아요. || https://recipe1.ezmember.co.kr/cache/recipe/2023/01/30/911406bdd970dc9e985d5b379116d44d1.jpg
[4] 찬물에 세척 후 마른 행주로 닦아주면 묶은 때를 제거할 수 있어요. || https://recipe1.ezmember.co.kr/cache/recipe/2023/01/30/d758fe2c01424ac1e1e782516dcab1191.jpg
[5] 살균 효과에 광이 나는 효과 까지 ~!! || https://recipe1.ezmember.co.kr/cache/recipe/2023/01/30/2a07768d963eaaaf51c2058fa3ceba871.jpg
[6] 둘째 ~ 반찬통 냄재 제거에 좋아요. || https://recipe1.ezmember.co.kr/cache/recipe/2023/01/30/d745a4148621c44a6b3e0769981564251.jpg
[7] 냄새가 밴 반찬통에 물을 채운 후 베이킹소다를 한 스푼 넣어 풀어주세요. || https://recipe1.ezmember.co.kr/cache/recipe/2023/01/30/c3079855f7aff764138f8b88b9e4a2691.jpg
[8] 뚜껑을 닫아 하루 정도 보관 후 세척하면 냄새가 사라져요. || https://recipe1.ezmember.co.kr/cache/recipe/2023/01/30/ed75693cf9af9e6d050e84d384498f821.jpg"
https://www.10000recipe.com/recipe/6996052,생라면 먹고 남은 건더기 스프 활용 법,https://recipe1.ezmember.co.kr/cache/recipe/2023/01/27/01866b3c516278dc1944c12c46f40d0e1.jpg,생라면 먹고 남은 건더기 스프 활용하기! 남은 건더기 스프는 활용하기 어려워 버리는 분들이 많을텐데요. 만개가 알려드리는 방법으로 건더기 스프까지 활용해보세요!,"[1] 생라면, 라면스프만 빼먹고 남은 후레이크 언젠간 먹어야지 하고 부엌 선반이나 식탁에 보관중이셨다면 주목해 주세요~!! || https://recipe1.ezmember.co.kr/cache/recipe/2023/01/27/0cfcd2ad9c3111ff2a8aa65880c313791.jpg
[2] 달걀말이1. 달걀에 약간의 소금을 넣은 후 후레이크를 넣어 잘 풀어 섞어요.2. 식용유를 두른 팬에 얇게 두르고 돌돌 말아 달걀말이를 완성해요. || https://recipe1.ezmember.co.kr/cache/recipe/2023/01/27/ec6a203b70cfc7748e4a70b792c5a1ce1.jpg
[3] 달걀찜1. 기름칠한 뚝배기에 달걀, 물, 소금, 설탕을 넣고 풀어요.2. 타지 않게 저어주면서 끓이다가 후레이크를 넣어 익혀 완성해요. || https://recipe1.ezmember.co.kr/cache/recipe/2023/01/27/28ffe9a5241b65f9c95b16cd7b93cce81.jpg
[4] 멸치볶음1. 마른팬에 멸치를 볶아 비린내를 날리고 체에 한번 깔끔하게 털어요.(체에 털어주는 과정은 생략가능)2. 볶은 멸치에 간장 1숟가락, 맛술 1숟가락, 올리고당 1숟가락, 후레이크를 넣어 볶다가 참기름 한번 둘러주면 멸치볶음 완성 || https://recipe1.ezmember.co.kr/cache/recipe/2023/01/27/8c0f66c53968f693a8665c20998d43a81.jpg"
https://www.10000recipe.com/recipe/6996047,과일껍질 활용법,https://recipe1.ezmember.co.kr/cache/recipe/2023/01/27/8146896e20a6c4eb961d6058f212b5511.jpg,"먹고 남은 과일껍질 어디까지 써봤니?사과, 레몬, 오렌지 등 먹고 남은 과일껍질을어떻게 사용하면 좋을까?만개가 모두 알려드려요~","[1] 사과 - 사과 껍질에는 '트리테르페놀' 이라는 산성 성분이 함유되어 탄 냄비에 사과 껍질과 물을 넣고 10~20분 정도 끓이면 깨끗하게 제거할 수 있어요. || https://recipe1.ezmember.co.kr/cache/recipe/2023/01/27/9db7c107c18293b28a775bd7e7f5439b1.jpg
[2] 레몬 - 레몬은 표백 효과를 가지고 있어 흰 세탁물과 함께 끓이면 표백 기능에 향기 효과까지 얻을 수 있어요. || https://recipe1.ezmember.co.kr/cache/recipe/2023/01/27/3b9806bfb699fe2eb68c7fe1dc14fbcc1.jpg
[3] 오렌지 - 그릇에 물과 오렌지 껍질을 넣고 전자레인지에 3~4분 정도 가열하면 잡내 제거 및 내부 청소가 가능해요. || https://recipe1.ezmember.co.kr/cache/recipe/2023/01/27/b8f0e0956f608f5ffe6d6b182a949fc31.jpg
[4] 참외 - 참외 껍질에는 각종 면역 성분이 과육보다 더 많기 때문에 깨끗이 씻은 후 말려 차로 끓여먹으면 좋아요. || https://recipe1.ezmember.co.kr/cache/recipe/2023/01/27/168a576b888948ece917f349c55226631.jpg"
https://www.10000recipe.com/recipe/6995722,스테인레스 제품 연마제 제거하는 법,https://recipe1.ezmember.co.kr/cache/recipe/2023/01/19/911f5f35766c5cd44d8f7bb5ec36ec9d1.jpg,스텐 냄비를 새로 장만하면 반드시 할일!스텐 연마제를 먼저 제거해줘야겠죠?남아있을지도 모르는 스텐 연마제 제거법!만개가 알려드려요~,"[1] 적당량의 식용유를 붓고 키친타월로 구석 구석 닦아요.이 과정을 여러번 반복해 주시면 좋아요. || https://recipe1.ezmember.co.kr/cache/recipe/2023/01/19/9fb74aab718552641265a3e4a56843d71.jpg
[2] 주방 세제와 부드러운 수세미로 깨끗하게 세척해요. || https://recipe1.ezmember.co.kr/cache/recipe/2023/01/19/929d299464da292485ca3558b0e10e9c1.jpg
[3] 냄비에 물과 베이킹소다 2스푼 정도 넣고 팔팔 끓여요. || https://recipe1.ezmember.co.kr/cache/recipe/2023/01/19/f9676693c3e8949282aa836703409cf51.jpg
[4] 물로 한번 헹군 후 다시 냄비에 물을 넣고 식초를 2~3스푼 넣고 한번 더 끓여요. || https://recipe1.ezmember.co.kr/cache/recipe/2023/01/19/6b67fd7be269c77a0a4b9ac5c485bb511.jpg
[5] 주방 세제를 이용해 깨끗하게 세척해 마무리해요. || https://recipe1.ezmember.co.kr/cache/recipe/2023/01/19/890e61522b76569a15056f1a162bd14c1.jpg"
https://www.10000recipe.com/recipe/6995716,다양한 간장 어떻게 사용해야할까?,https://recipe1.ezmember.co.kr/cache/recipe/2023/01/19/f6832ec74b2bc2295099f5f8b38af84e1.jpg,국간장? 진간장? 양조간장?이 많은 간장들을 어떻게 사용해야 하는거죠?다양한 간장 사용법 만개가 알려드릴께요~^^,"[1] 양조간장은 메주를 오랫동안 발효 숙성시켜 만든 간장이라 맛과 향이 풍부해요. 그대로 먹을 때 간장 본연의 맛과 향을 더 잘 느낄 수 있는게 특징입니다.양조간장은 열을 가하면 고유의 맛과 향이 변하는 경우가 많아서 가열하지 않은 양념장, 소스나 드레싱으로 사용하시면 됩니다. || https://recipe1.ezmember.co.kr/cache/recipe/2023/01/19/e12e9593302d8f379af264f431468dd61.jpg
[2] 진간장은 양조간장과 같은 재료로 만들어지지만 특화 공법 공정을 거쳐 열을 가해도 맛이 변하지 않는 것이 특징입니다. 이름과 같이 맛도 색도 진하기 때문에 조림, 볶음, 찜, 장조림 등등 사용하시면 됩니다. || https://recipe1.ezmember.co.kr/cache/recipe/2023/01/19/4cbdb1d7d5e36c963bbafcb38ccb68e31.jpg
[3] 국간장은 전통적인 방법 그대로 만든 간장이라고 해서 조선 간장이라고도 불립니다. 양조간장, 진간장에 비해 염도가 높고 색을 해치지 않는다는게 특징입니다.깔끔하게 간을 맞출수있어 국물류, 나물무침에 사용하시면 됩니다. || https://recipe1.ezmember.co.kr/cache/recipe/2023/01/19/07ff0ecc810610e1a5e9b4059b0307081.jpg"
https://www.10000recipe.com/recipe/6995657,같은 레시피여도 맛이 다른 이유,https://recipe1.ezmember.co.kr/cache/recipe/2023/01/19/4079daa0952a820b38c8832681325ecb1.jpg,양념 넣는 순서에 따라 맛이 달라진다?손에 잡힌다고 아무거나 넣지말고양념도 순서대로 넣어야 더맛있다!알아두면 도움되는 만개의 요리 노하우어서 확인하세요~,"[1] 양념 넣는 순서~ 별거 아닌 거 같지만 무엇을 먼저 넣어야 할지 순간 헷갈릴 때가 있어요. 요리마다 조금은 다르지만이 순서대로 하면 좀 더 맛있게 만들 수 있어요. || https://recipe1.ezmember.co.kr/cache/recipe/2023/01/18/aa8e4b548d7bf818c2453828dfbd55351.jpg
[2] 각 양념의 분자의 크기는 모두 다르다고 합니다. 크기가 작은 것을 먼저 넣게 되면 더 큰 분자가 들어올 때 침투가 힘들기 때문에 분자가 큰 것부터 넣는 게 좋아요. || https://recipe1.ezmember.co.kr/cache/recipe/2023/01/18/f254a38dae29671a26c74371203e306a1.jpg
[3] < 설 - 염 - 초 - 장 > 이 공식만 기억해 주세요.설탕 -> 염(소금) -> 식초 -> 장류 || https://recipe1.ezmember.co.kr/cache/recipe/2023/01/18/7e9d206372a7a1bb0eaa40e33f0abca91.jpg
[4] 설탕의 분자량을 소금보다 6배나 크기 때문에 가장 먼저 넣어주는게 좋아요. || https://recipe1.ezmember.co.kr/cache/recipe/2023/01/18/f90a880c636b72f62dce79b625abac5e1.jpg
[5] 두번째 소금은 두번째로 넣어주는 것이 가장 효과적 입니다. || https://recipe1.ezmember.co.kr/cache/recipe/2023/01/18/b4c4a00ffb1758e5fabbd9125a3696301.jpg
[6] 세번째는 식초! 식초는 가열에 의해 산미가 날아가기 때문에 산미가 필요한 음식이라면 가장 마지막에 넣어주어야 합니다. || https://recipe1.ezmember.co.kr/cache/recipe/2023/01/18/5b88d062224e9b79a48c6fd21786afd61.jpg
[7] 네번째는 장인데요.장류는 간장>고추장>된장> 순으로 넣는 것이 좋아요. || https://recipe1.ezmember.co.kr/cache/recipe/2023/01/18/32f7ed083241f8917723f964376ee26d1.jpg
[8] 추가로 맛술은 설탕 다음으로 넣고 화학조미료와 참기름은 가장 마지막에 넣어주시면 됩니다. || https://recipe1.ezmember.co.kr/cache/recipe/2023/01/18/aa6a71708808d7ffad26aa76fe9d0e111.jpg"
https://www.10000recipe.com/recipe/6995650,맛술과 미림의 차이점에서 사용법까지,https://recipe1.ezmember.co.kr/cache/recipe/2023/01/18/0e130e2a1ba7e0bd867602f9c55d664c1.jpg,요리하다가 맛술을 넣어야 할지 미림을 넣어야 할지 고민 하시는 분들 많으시죠?또 레시피에 적혀 있는 소주나 청주를 맛술과 미림 중 어떤 걸로 대체 가능할지 헷갈리기도 하고요. 그래서 알려드릴께요~^^,"[1] 미림과 맛술은 고기 잡내, 생선 비린내를 없애기 위해 사용하는 경우가 많아요. 둘 다 쌀을 기본으로 만들어서 단맛이 난다는 특징이 있지만 알코올 도수와 사용법에서는 차이가 있어요. || https://recipe1.ezmember.co.kr/cache/recipe/2023/01/18/4e9389b04251f79b37b8a255730c1f701.jpg
[2] 맛술의 주성분은 식초라서 신맛이 강하고 대체로 도수가 낮아요. 식초의 산성이 고기 잡내, 생선 비린내를 제거하는데 효과적이에요. 잡내를 제거하고 단맛이 필요하지 않는 요리에는 맛술을 사용해요.신맛이 나므로 많이 사용하면 음식이 세콤할수 있어요~! || https://recipe1.ezmember.co.kr/cache/recipe/2023/01/18/511c6c26513fd348ba17b8180b2e07be1.jpg
[3] 미림은 쌀누룩에 주정을 혼합하여 만든 술이라 14%의 알코올을 가지고 있어요. 해외에서 향을 위해 와인을 사용하는것과 비슷한 용도로 미림을 사용할수 있어요.음식의 풍미를 높이고 감칠맛을 더해주는 요리에는 미림을 사용하는게 좋아요.오래 끓여도 알코올이 다 날아가지는 않는다고 해요.(아이, 임산부 주의!!) || https://recipe1.ezmember.co.kr/cache/recipe/2023/01/18/8efd947c1e6f27036e4132fbe8e8f6871.jpg
[4] 미림을 사용하면 당도가 높아지기 때문에 추가로 들어가는 설탕의 양을 줄여서 사용하시는 것이 좋아요. || https://recipe1.ezmember.co.kr/cache/recipe/2023/01/18/fc2342b3bfad39004360085977ebb19d1.jpg"
https://www.10000recipe.com/recipe/6973471,이쑤시개 없이 꼬치전 만드는 방법,https://recipe1.ezmember.co.kr/cache/recipe/2022/01/24/7c7b7d0410a8054f85764e5b499851411.jpg,"한 꼬치전에 한꼬치를 꽂아야 하는 번거로움!꼬치가 없어도 꼬치전 쉽게하는 방법을 알아보는 시간만들 때, 먹을 때 둘다 편한 방법으로명절준비를 해보시는 건 어떨까요?","[1] 모든 재료는 팬사이즈에 맞춰 비슷한 길이와 두께로 손질한다. || https://recipe1.ezmember.co.kr/cache/recipe/2022/01/24/5977d98c1788c332560373132994fb1e1.jpg
[2] 달걀을 풀어 준비한다.노란 색을 더 내고 싶으면 노른자를 추가하고, 찢어지는 것을 방지하기 위해 전분/밀가루/ 부침가루를 1~2숟가락 추가해도 좋아요 || https://recipe1.ezmember.co.kr/cache/recipe/2022/01/24/3acf7799c8ff6eddb2b18509b9b4cf541.jpg
[3] 달군 팬에 기름코팅을 한 후 재료의 색이 겹치지 않게 나열한다.팬달걀말이 팬이 없으면 지름이 넓은 프라이팬을 준비해주세요 || https://recipe1.ezmember.co.kr/cache/recipe/2022/01/24/4ddbc679ebeaf8a98330d1a0d104dd461.jpg
[4] 약불로 충분히 익힌 후 도마나 그릇으로 뒤집어 반대편도 익힌다.도마찢어지지 않게 중간에 뒤집기 전에 달걀물을 추가로 넣어도 좋아요 || https://recipe1.ezmember.co.kr/cache/recipe/2022/01/24/84513d3db02e54bc74b855b2cc4a812c1.jpg
[5] 꼬치전 크기로 맞춰 자른다. || https://recipe1.ezmember.co.kr/cache/recipe/2022/01/24/8bf5e3676207606f866a79d029e83eca1.jpg"
https://www.10000recipe.com/recipe/6973377,손만두 예쁘게 빚는방법 4가지... 그리고 보관법까지!,https://recipe1.ezmember.co.kr/cache/recipe/2022/01/24/a9649b6495753c3d349d5b61ccbb7edf1.jpg,손으로 직접 빚어야 맛있는 만두!만두 예쁘게 빚는 방법 4가지그리고 보관법을 알아보세요!,"[1] 떡만두국으로 먹으면 더 맛있는 정성 가득'손만두'다진 돼지고기와 당면, 그리고 두부까지 들어가담백하면서 육즙이 가득 차있는 손만두를 만들어보세요-!고기만두 만드는 방법 || https://recipe1.ezmember.co.kr/cache/recipe/2022/01/25/da844910826386e5f97e9778758193391.jpg
[2] [둥근만두]만두피를 손바닥에 올려 만두소를 넣고 반으로 접어 잘 붙인 뒤 양끝은 모아 붙인다둥근만두 & 교자만두 빚는 법 || https://recipe1.ezmember.co.kr/cache/recipe/2022/01/24/9fe43a67e3bf9913d881027f87034a861.jpg
[3] [교자만두]만두피를 손바닥에 올려 만두소를 넣고, 반으로 접어 주름을 잡아가며 붙인다둥근만두 & 교자만두 빚는 법 || https://recipe1.ezmember.co.kr/cache/recipe/2022/01/24/7cd162fe21e2f380302763e7031f32671.jpg
[4] [삼각만두]만두피 위에 만두소를 올리고 만두피 3끝지점에서 가운데로 모아 붙인다삼각만두 & 주머니만두 빚는 법 || https://recipe1.ezmember.co.kr/cache/recipe/2022/01/24/d6cb71a43f51586480cb177d4d805e8f1.jpg
[5] [주머니만두]만두피 위에 만두소를 올리고 만두피 끝을 가운데로 모아 주머니 모양을 만든다.삼각만두 & 주머니만두 빚는 법 || https://recipe1.ezmember.co.kr/cache/recipe/2022/01/24/096c940f600cc00b3bdb9c7501016c0a1.jpg
[6] [만두보관하는법]넓은 쟁반에 위생팩을 깔고 만두를 올려 반나절 냉동한 뒤밀폐용기에 서로 붙지않게 위생팩을 번갈아가며 만두를 넣어 냉동보관한다.밀폐용기,위생팩,쟁반손만두보관법 자세히보기 || https://recipe1.ezmember.co.kr/cache/recipe/2022/01/24/78ad7f252aaf90952dbb37bc0213f8981.jpg"
https://www.10000recipe.com/recipe/6973195,젤라틴 없는 요플레로 그릭요거트 만드는 꿀팁!,https://recipe1.ezmember.co.kr/cache/recipe/2022/01/21/f3e64b8eef9b7f0659f65b1c0920798b1.jpg,그릭요거트!생각보다 비싸서 자주 못 사먹잖아요-!요거트로 유청만 분리하면단단? 쫀쫀한 그릭요거트가 만들어진답니다-!,"[1] 요거트, 볼, 채반, 면보를 준비한다.면보,채반요거트는 원유 95%함유된 것을 사용하고 젤라틴이 없는 것을 사용해주세요 || https://recipe1.ezmember.co.kr/cache/recipe/2022/01/21/be64fc3bc2e5cb92b7638e439f1046201.jpg
[2] 볼에 채반을 올려 면보를 깔고 요거트를 붓는다볼,면보,채반 || https://recipe1.ezmember.co.kr/cache/recipe/2022/01/21/fdd8a5c20007939f1bf22fd053a8d8b61.jpg
[3] 집게나 고무줄로 묶어 무게가 있는 볼을 위에 올려 랩으로 밀봉한다랩냉장고 냄새가 배일 수 있으니 꼼꼼히 밀봉해주세요 || https://recipe1.ezmember.co.kr/cache/recipe/2022/01/21/b43eeec76bc144e9d211229a25cc9a061.jpg
[4] 8시간~9시간 냉장고에서 유청을 분리해 완성한다.유청은 버리지 않고 우유, 꿀을 넣어 인도 음료 라씨를 만들어보세요.^^ || https://recipe1.ezmember.co.kr/cache/recipe/2022/01/21/a125e0016c47ed87671a66c02556b77c1.jpg"
https://www.10000recipe.com/recipe/6966989,전자레인지로 밤 껍질 쉽게 까는 방법,https://recipe1.ezmember.co.kr/cache/recipe/2021/10/15/2293be75241b5efe761ee2bafbf7ff281.png,알맹이만 쏙! 쉽게 까기 힘든 밤뾰족한 부분에 (+)칼집을 내고전자레인지로 1분 30초만 돌리면 껍질이 쉽게 벗겨져요!,"[1] 깨끗이 씻은 밤을 1시간 정도 불린다. || https://recipe1.ezmember.co.kr/cache/recipe/2021/10/15/86d5272de144e32765dcb5db2985af711.jpg
[2] 뾰족한 부분에 열십자(+)으로 칼집을 낸다손을 다치지 않게 하기 위해 키친타올로 잡고 칼집을 내어주세요 || https://recipe1.ezmember.co.kr/cache/recipe/2021/10/15/a0340a5fb7b8af332d703b11041ef6211.jpg
[3] 내열그릇에 칼집 낸 밤을 담고 마른 키친타올로 덮어 랩을 씌운다랩,그릇,키친타올 || https://recipe1.ezmember.co.kr/cache/recipe/2021/10/15/5d5fb8b6ee30ffb9dbf1d65191664f421.jpg
[4] 밤 10~12개 기준 1분30초 정도 전자레인지에 돌려 수분을 말린다.전자레인지의 시간은 밤의 갯수에 따라 조절해 주세요 || https://recipe1.ezmember.co.kr/cache/recipe/2021/10/15/2c8d79eeb5bf78f77466d6309b0a7b361.jpg
[5] 껍질을 손으로 벗겨낸다속 안까지 포슬포슬하기 익기 위해선 찜기에 추가로 더 익혀주세요 || https://recipe1.ezmember.co.kr/cache/recipe/2021/10/15/0abd53776d867eefc4cded9f2657c6071.jpg"
https://www.10000recipe.com/recipe/6958294,꽃차의 종류와 꽃차 우리는 방법!,https://recipe1.ezmember.co.kr/cache/recipe/2021/05/13/09170ef101ca8c1f631f7bdcea98d0f81.png,은은한 향의 꽃차!꽃차 우리면서 잠시 쉬었다 가세요!4가지 꽃차의 종류와 맛!그리고 어떻게 우리는 방법까지 알아보는 시간세상의모든레시피 만개의레시피,"[1] 식전 차, 식전 주로 먹기 좋은 꽃차는 1번 우리지 말고 2~3번 더 우려 먹을 수록 맛이 진해져요 || https://recipe1.ezmember.co.kr/cache/recipe/2021/05/13/1a01dbcdbb91f1d8d06ac9b5fe1317731.png
[2] 따뜻하게 마시는 방법꽃 2~3송이를 넣고 따뜻한 물 200ml를 넣고 2~3분 우려주세요 || https://recipe1.ezmember.co.kr/cache/recipe/2021/05/13/0d981f3af34308cf6232459941649fcf1.png
[3] 아이스로 마시는 방법꽃 2~3송이를 넣고 따뜻한 물 100ml를 넣고 2~3분 우린 후아이스잔에 옮겨 시원하게 마셔요 || https://recipe1.ezmember.co.kr/cache/recipe/2021/05/13/62d4dd5449cb1d21591d5f29b90f600e1.png
[4] [팬지]초록, 보라빛의 연하고 고소한 맛눈건강, 갱년기 증상 완화, 불면증에 도움, 면역력 증가 || https://recipe1.ezmember.co.kr/cache/recipe/2021/05/13/14cecd584cb0770dd3ebfa33b36b13a01.png
[5] [장미]연한 붉은 빛에 은은하고 순한 단 맛항산화 효과, 향균효과, 스트레스 해소, 기억력 및 집중력 강화, 여성건강에 도움 || https://recipe1.ezmember.co.kr/cache/recipe/2021/05/13/8e5c7b33ae978a40b2eb106facca56b81.png
[6] [캐모마일]연한 노랑 빛에 부드러운 맛진정효과, 항알레르기 진정, 생리통 완화, 골다공증 예방, 면역력 강화, 심장 건강 증진, 수면 유도에 도움 || https://recipe1.ezmember.co.kr/cache/recipe/2021/05/13/ac57662a4e1269a86858e1a1920ad26e1.png
[7] [카네이션]연한 주홍 빛에 달달하고 고소한 맛방광염과 요도염에 효과 이뇨작용을 돕는 효과, 눈건강, 혈액순환에 도움 || https://recipe1.ezmember.co.kr/cache/recipe/2021/05/13/947da0de7c683ac1695158c0f806347c1.png"
https://www.10000recipe.com/recipe/6923532,닭의 종류마다 어디에 쓸지가 궁금해~! 닭의 모든것 ★,https://recipe1.ezmember.co.kr/cache/recipe/2021/10/19/768d76f524129dff3093ffb96a3f2f351.jpg,닭 부위는 어디어디 사용하는 것이 좋을까????닭 부위마다 조리법이나 조리법을 다양하게 만들어 더 맛있게 드세요 :)세상의 모든 레시피 만개의레시피,"[1] 닭조리법 가슴살편 ! 다이어터에게 강추!닭가슴살조리법 || https://recipe1.ezmember.co.kr/cache/recipe/2019/12/13/adbe27de96e02893334cb058942eb2fd1.jpg
[2] 닭조리법 닭다리살(정육)편 ! 닭다리는 사랑입니다...♥닭다리살조리법 || https://recipe1.ezmember.co.kr/cache/recipe/2019/12/13/be62d2b56aefa86bd7b67e3e430112941.jpg
[3] 닭조리법 안심편 ! 부드러운 식감이 따봉!닭안심 조리법 || https://recipe1.ezmember.co.kr/cache/recipe/2019/12/13/08f5b6442407a37e72df5f5d628cb8c41.jpg
[4] 삼계탕용닭손질법 ♡ 말복에 써먹어야지삼계탕 닭 손질법 || https://recipe1.ezmember.co.kr/cache/recipe/2019/12/13/45eb3dbdae6f3553cf66f6003fa2163a1.jpg
[5] 닭조리법(모래집) 꼬독꼬독 맛있는 닭모래집!닭 모래집 조리법 || https://recipe1.ezmember.co.kr/cache/recipe/2019/12/13/5ddf7582577bd3b9b8187c30a5740d6c1.jpg
[6] 국물에서 묵직한 맛이 ★닭육수 || https://recipe1.ezmember.co.kr/cache/recipe/2019/12/13/dd35360ef9c6db80732b3dad54e84cad1.jpg"
